Model,MAE,RMSE
LSTM,19.51685400854183,21.44654636738023
GRU,12.05441750497111,13.236907099411424
